-- phpMyAdmin SQL Dump
-- version 4.0.6deb1
-- http://www.phpmyadmin.net
--
-- Inang: localhost
-- Waktu pembuatan: 19 Des 2014 pada 01.45
-- Versi Server: 5.5.37-0ubuntu0.13.10.1
-- Versi PHP: 5.5.3-1ubuntu2.6

SET SQL_MODE = "NO_AUTO_VALUE_ON_ZERO";
SET time_zone = "+00:00";


/*!40101 SET @OLD_CHARACTER_SET_CLIENT=@@CHARACTER_SET_CLIENT */;
/*!40101 SET @OLD_CHARACTER_SET_RESULTS=@@CHARACTER_SET_RESULTS */;
/*!40101 SET @OLD_COLLATION_CONNECTION=@@COLLATION_CONNECTION */;
/*!40101 SET NAMES utf8 */;

--
-- Basis data: `smartsystem`
--

-- --------------------------------------------------------

--
-- Struktur dari tabel `akun`
--

CREATE TABLE IF NOT EXISTS `akun` (
  `id` varchar(10) NOT NULL,
  `nama` varchar(255) NOT NULL,
  PRIMARY KEY (`id`)
) ENGINE=InnoDB DEFAULT CHARSET=latin1;

--
-- Dumping data untuk tabel `akun`
--

INSERT INTO `akun` (`id`, `nama`) VALUES
('1', 'AA11'),
('10', 'AA20'),
('100', 'AA110'),
('1000', 'AA1010'),
('1001', 'AA1011'),
('1002', 'AA1012'),
('1003', 'AA1013'),
('1004', 'AA1014'),
('1005', 'AA1015'),
('1006', 'AA1016'),
('1007', 'AA1017'),
('1008', 'AA1018'),
('1009', 'AA1019'),
('101', 'AA111'),
('1010', 'AA1020'),
('1011', 'AA1021'),
('1012', 'AA1022'),
('1013', 'AA1023'),
('1014', 'AA1024'),
('1015', 'AA1025'),
('1016', 'AA1026'),
('1017', 'AA1027'),
('1018', 'AA1028'),
('1019', 'AA1029'),
('102', 'AA112'),
('1020', 'AA1030'),
('1021', 'AA1031'),
('1022', 'AA1032'),
('1023', 'AA1033'),
('1024', 'AA1034'),
('1025', 'AA1035'),
('1026', 'AA1036'),
('1027', 'AA1037'),
('1028', 'AA1038'),
('1029', 'AA1039'),
('103', 'AA113'),
('1030', 'AA1040'),
('1031', 'AA1041'),
('1032', 'AA1042'),
('1033', 'AA1043'),
('1034', 'AA1044'),
('1035', 'AA1045'),
('1036', 'AA1046'),
('1037', 'AA1047'),
('1038', 'AA1048'),
('1039', 'AA1049'),
('104', 'AA114'),
('1040', 'AA1050'),
('1041', 'AA1051'),
('1042', 'AA1052'),
('1043', 'AA1053'),
('1044', 'AA1054'),
('1045', 'AA1055'),
('1046', 'AA1056'),
('1047', 'AA1057'),
('1048', 'AA1058'),
('1049', 'AA1059'),
('105', 'AA115'),
('1050', 'AA1060'),
('1051', 'AA1061'),
('1052', 'AA1062'),
('1053', 'AA1063'),
('1054', 'AA1064'),
('1055', 'AA1065'),
('1056', 'AA1066'),
('1057', 'AA1067'),
('1058', 'AA1068'),
('1059', 'AA1069'),
('106', 'AA116'),
('1060', 'AA1070'),
('1061', 'AA1071'),
('1062', 'AA1072'),
('1063', 'AA1073'),
('1064', 'AA1074'),
('1065', 'AA1075'),
('1066', 'AA1076'),
('1067', 'AA1077'),
('1068', 'AA1078'),
('1069', 'AA1079'),
('107', 'AA117'),
('1070', 'AA1080'),
('1071', 'AA1081'),
('1072', 'AA1082'),
('1073', 'AA1083'),
('1074', 'AA1084'),
('1075', 'AA1085'),
('1076', 'AA1086'),
('1077', 'AA1087'),
('1078', 'AA1088'),
('1079', 'AA1089'),
('108', 'AA118'),
('1080', 'AA1090'),
('1081', 'AA1091'),
('1082', 'AA1092'),
('1083', 'AA1093'),
('1084', 'AA1094'),
('1085', 'AA1095'),
('1086', 'AA1096'),
('1087', 'AA1097'),
('1088', 'AA1098'),
('1089', 'AA1099'),
('109', 'AA119'),
('1090', 'AA1100'),
('1091', 'AA1101'),
('1092', 'AA1102'),
('1093', 'AA1103'),
('1094', 'AA1104'),
('1095', 'AA1105'),
('1096', 'AA1106'),
('1097', 'AA1107'),
('1098', 'AA1108'),
('1099', 'AA1109'),
('11', 'AA21'),
('110', 'AA120'),
('1100', 'AA1110'),
('1101', 'AA1111'),
('1102', 'AA1112'),
('1103', 'AA1113'),
('1104', 'AA1114'),
('1105', 'AA1115'),
('1106', 'AA1116'),
('1107', 'AA1117'),
('1108', 'AA1118'),
('1109', 'AA1119'),
('111', 'AA121'),
('1110', 'AA1120'),
('1111', 'AA1121'),
('1112', 'AA1122'),
('1113', 'AA1123'),
('1114', 'AA1124'),
('1115', 'AA1125'),
('1116', 'AA1126'),
('1117', 'AA1127'),
('1118', 'AA1128'),
('1119', 'AA1129'),
('112', 'AA122'),
('1120', 'AA1130'),
('1121', 'AA1131'),
('1122', 'AA1132'),
('1123', 'AA1133'),
('1124', 'AA1134'),
('1125', 'AA1135'),
('1126', 'AA1136'),
('1127', 'AA1137'),
('1128', 'AA1138'),
('1129', 'AA1139'),
('113', 'AA123'),
('1130', 'AA1140'),
('1131', 'AA1141'),
('1132', 'AA1142'),
('1133', 'AA1143'),
('1134', 'AA1144'),
('1135', 'AA1145'),
('1136', 'AA1146'),
('1137', 'AA1147'),
('1138', 'AA1148'),
('1139', 'AA1149'),
('114', 'AA124'),
('1140', 'AA1150'),
('1141', 'AA1151'),
('1142', 'AA1152'),
('1143', 'AA1153'),
('1144', 'AA1154'),
('1145', 'AA1155'),
('1146', 'AA1156'),
('1147', 'AA1157'),
('1148', 'AA1158'),
('1149', 'AA1159'),
('115', 'AA125'),
('1150', 'AA1160'),
('1151', 'AA1161'),
('1152', 'AA1162'),
('1153', 'AA1163'),
('1154', 'AA1164'),
('1155', 'AA1165'),
('1156', 'AA1166'),
('1157', 'AA1167'),
('1158', 'AA1168'),
('1159', 'AA1169'),
('116', 'AA126'),
('1160', 'AA1170'),
('1161', 'AA1171'),
('1162', 'AA1172'),
('1163', 'AA1173'),
('1164', 'AA1174'),
('1165', 'AA1175'),
('1166', 'AA1176'),
('1167', 'AA1177'),
('1168', 'AA1178'),
('1169', 'AA1179'),
('117', 'AA127'),
('1170', 'AA1180'),
('1171', 'AA1181'),
('1172', 'AA1182'),
('1173', 'AA1183'),
('1174', 'AA1184'),
('1175', 'AA1185'),
('1176', 'AA1186'),
('1177', 'AA1187'),
('1178', 'AA1188'),
('1179', 'AA1189'),
('118', 'AA128'),
('1180', 'AA1190'),
('1181', 'AA1191'),
('1182', 'AA1192'),
('1183', 'AA1193'),
('1184', 'AA1194'),
('1185', 'AA1195'),
('1186', 'AA1196'),
('1187', 'AA1197'),
('1188', 'AA1198'),
('1189', 'AA1199'),
('119', 'AA129'),
('1190', 'AA1200'),
('1191', 'AA1201'),
('1192', 'AA1202'),
('1193', 'AA1203'),
('1194', 'AA1204'),
('1195', 'AA1205'),
('1196', 'AA1206'),
('1197', 'AA1207'),
('1198', 'AA1208'),
('1199', 'AA1209'),
('12', 'AA22'),
('120', 'AA130'),
('1200', 'AA1210'),
('1201', 'AA1211'),
('1202', 'AA1212'),
('1203', 'AA1213'),
('1204', 'AA1214'),
('1205', 'AA1215'),
('1206', 'AA1216'),
('1207', 'AA1217'),
('1208', 'AA1218'),
('1209', 'AA1219'),
('121', 'AA131'),
('1210', 'AA1220'),
('1211', 'AA1221'),
('1212', 'AA1222'),
('1213', 'AA1223'),
('1214', 'AA1224'),
('1215', 'AA1225'),
('1216', 'AA1226'),
('1217', 'AA1227'),
('1218', 'AA1228'),
('1219', 'AA1229'),
('122', 'AA132'),
('1220', 'AA1230'),
('1221', 'AA1231'),
('1222', 'AA1232'),
('1223', 'AA1233'),
('1224', 'AA1234'),
('1225', 'AA1235'),
('1226', 'AA1236'),
('1227', 'AA1237'),
('1228', 'AA1238'),
('1229', 'AA1239'),
('123', 'AA133'),
('1230', 'AA1240'),
('1231', 'AA1241'),
('1232', 'AA1242'),
('1233', 'AA1243'),
('1234', 'AA1244'),
('1235', 'AA1245'),
('1236', 'AA1246'),
('1237', 'AA1247'),
('1238', 'AA1248'),
('1239', 'AA1249'),
('124', 'AA134'),
('1240', 'AA1250'),
('1241', 'AA1251'),
('1242', 'AA1252'),
('1243', 'AA1253'),
('1244', 'AA1254'),
('1245', 'AA1255'),
('1246', 'AA1256'),
('1247', 'AA1257'),
('1248', 'AA1258'),
('1249', 'AA1259'),
('125', 'AA135'),
('1250', 'AA1260'),
('1251', 'AA1261'),
('1252', 'AA1262'),
('1253', 'AA1263'),
('1254', 'AA1264'),
('1255', 'AA1265'),
('1256', 'AA1266'),
('1257', 'AA1267'),
('1258', 'AA1268'),
('1259', 'AA1269'),
('126', 'AA136'),
('1260', 'AA1270'),
('1261', 'AA1271'),
('1262', 'AA1272'),
('1263', 'AA1273'),
('1264', 'AA1274'),
('1265', 'AA1275'),
('1266', 'AA1276'),
('1267', 'AA1277'),
('1268', 'AA1278'),
('1269', 'AA1279'),
('127', 'AA137'),
('1270', 'AA1280'),
('128', 'AA138'),
('129', 'AA139'),
('13', 'AA23'),
('130', 'AA140'),
('131', 'AA141'),
('132', 'AA142'),
('133', 'AA143'),
('134', 'AA144'),
('135', 'AA145'),
('136', 'AA146'),
('137', 'AA147'),
('138', 'AA148'),
('139', 'AA149'),
('14', 'AA24'),
('140', 'AA150'),
('141', 'AA151'),
('142', 'AA152'),
('143', 'AA153'),
('144', 'AA154'),
('145', 'AA155'),
('146', 'AA156'),
('147', 'AA157'),
('148', 'AA158'),
('149', 'AA159'),
('15', 'AA25'),
('150', 'AA160'),
('151', 'AA161'),
('152', 'AA162'),
('153', 'AA163'),
('154', 'AA164'),
('155', 'AA165'),
('156', 'AA166'),
('157', 'AA167'),
('158', 'AA168'),
('159', 'AA169'),
('16', 'AA26'),
('160', 'AA170'),
('161', 'AA171'),
('162', 'AA172'),
('163', 'AA173'),
('164', 'AA174'),
('165', 'AA175'),
('166', 'AA176'),
('167', 'AA177'),
('168', 'AA178'),
('169', 'AA179'),
('17', 'AA27'),
('170', 'AA180'),
('171', 'AA181'),
('172', 'AA182'),
('173', 'AA183'),
('174', 'AA184'),
('175', 'AA185'),
('176', 'AA186'),
('177', 'AA187'),
('178', 'AA188'),
('179', 'AA189'),
('18', 'AA28'),
('180', 'AA190'),
('181', 'AA191'),
('182', 'AA192'),
('183', 'AA193'),
('184', 'AA194'),
('185', 'AA195'),
('186', 'AA196'),
('187', 'AA197'),
('188', 'AA198'),
('189', 'AA199'),
('19', 'AA29'),
('190', 'AA200'),
('191', 'AA201'),
('192', 'AA202'),
('193', 'AA203'),
('194', 'AA204'),
('195', 'AA205'),
('196', 'AA206'),
('197', 'AA207'),
('198', 'AA208'),
('199', 'AA209'),
('2', 'AA12'),
('20', 'AA30'),
('200', 'AA210'),
('201', 'AA211'),
('202', 'AA212'),
('203', 'AA213'),
('204', 'AA214'),
('205', 'AA215'),
('206', 'AA216'),
('207', 'AA217'),
('208', 'AA218'),
('209', 'AA219'),
('21', 'AA31'),
('210', 'AA220'),
('211', 'AA221'),
('212', 'AA222'),
('213', 'AA223'),
('214', 'AA224'),
('215', 'AA225'),
('216', 'AA226'),
('217', 'AA227'),
('218', 'AA228'),
('219', 'AA229'),
('22', 'AA32'),
('220', 'AA230'),
('221', 'AA231'),
('222', 'AA232'),
('223', 'AA233'),
('224', 'AA234'),
('225', 'AA235'),
('226', 'AA236'),
('227', 'AA237'),
('228', 'AA238'),
('229', 'AA239'),
('23', 'AA33'),
('230', 'AA240'),
('231', 'AA241'),
('232', 'AA242'),
('233', 'AA243'),
('234', 'AA244'),
('235', 'AA245'),
('236', 'AA246'),
('237', 'AA247'),
('238', 'AA248'),
('239', 'AA249'),
('24', 'AA34'),
('240', 'AA250'),
('241', 'AA251'),
('242', 'AA252'),
('243', 'AA253'),
('244', 'AA254'),
('245', 'AA255'),
('246', 'AA256'),
('247', 'AA257'),
('248', 'AA258'),
('249', 'AA259'),
('25', 'AA35'),
('250', 'AA260'),
('251', 'AA261'),
('252', 'AA262'),
('253', 'AA263'),
('254', 'AA264'),
('255', 'AA265'),
('256', 'AA266'),
('257', 'AA267'),
('258', 'AA268'),
('259', 'AA269'),
('26', 'AA36'),
('260', 'AA270'),
('261', 'AA271'),
('262', 'AA272'),
('263', 'AA273'),
('264', 'AA274'),
('265', 'AA275'),
('266', 'AA276'),
('267', 'AA277'),
('268', 'AA278'),
('269', 'AA279'),
('27', 'AA37'),
('270', 'AA280'),
('271', 'AA281'),
('272', 'AA282'),
('273', 'AA283'),
('274', 'AA284'),
('275', 'AA285'),
('276', 'AA286'),
('277', 'AA287'),
('278', 'AA288'),
('279', 'AA289'),
('28', 'AA38'),
('280', 'AA290'),
('281', 'AA291'),
('282', 'AA292'),
('283', 'AA293'),
('284', 'AA294'),
('285', 'AA295'),
('286', 'AA296'),
('287', 'AA297'),
('288', 'AA298'),
('289', 'AA299'),
('29', 'AA39'),
('290', 'AA300'),
('291', 'AA301'),
('292', 'AA302'),
('293', 'AA303'),
('294', 'AA304'),
('295', 'AA305'),
('296', 'AA306'),
('297', 'AA307'),
('298', 'AA308'),
('299', 'AA309'),
('3', 'AA13'),
('30', 'AA40'),
('300', 'AA310'),
('301', 'AA311'),
('302', 'AA312'),
('303', 'AA313'),
('304', 'AA314'),
('305', 'AA315'),
('306', 'AA316'),
('307', 'AA317'),
('308', 'AA318'),
('309', 'AA319'),
('31', 'AA41'),
('310', 'AA320'),
('311', 'AA321'),
('312', 'AA322'),
('313', 'AA323'),
('314', 'AA324'),
('315', 'AA325'),
('316', 'AA326'),
('317', 'AA327'),
('318', 'AA328'),
('319', 'AA329'),
('32', 'AA42'),
('320', 'AA330'),
('321', 'AA331'),
('322', 'AA332'),
('323', 'AA333'),
('324', 'AA334'),
('325', 'AA335'),
('326', 'AA336'),
('327', 'AA337'),
('328', 'AA338'),
('329', 'AA339'),
('33', 'AA43'),
('330', 'AA340'),
('331', 'AA341'),
('332', 'AA342'),
('333', 'AA343'),
('334', 'AA344'),
('335', 'AA345'),
('336', 'AA346'),
('337', 'AA347'),
('338', 'AA348'),
('339', 'AA349'),
('34', 'AA44'),
('340', 'AA350'),
('341', 'AA351'),
('342', 'AA352'),
('343', 'AA353'),
('344', 'AA354'),
('345', 'AA355'),
('346', 'AA356'),
('347', 'AA357'),
('348', 'AA358'),
('349', 'AA359'),
('35', 'AA45'),
('350', 'AA360'),
('351', 'AA361'),
('352', 'AA362'),
('353', 'AA363'),
('354', 'AA364'),
('355', 'AA365'),
('356', 'AA366'),
('357', 'AA367'),
('358', 'AA368'),
('359', 'AA369'),
('36', 'AA46'),
('360', 'AA370'),
('361', 'AA371'),
('362', 'AA372'),
('363', 'AA373'),
('364', 'AA374'),
('365', 'AA375'),
('366', 'AA376'),
('367', 'AA377'),
('368', 'AA378'),
('369', 'AA379'),
('37', 'AA47'),
('370', 'AA380'),
('371', 'AA381'),
('372', 'AA382'),
('373', 'AA383'),
('374', 'AA384'),
('375', 'AA385'),
('376', 'AA386'),
('377', 'AA387'),
('378', 'AA388'),
('379', 'AA389'),
('38', 'AA48'),
('380', 'AA390'),
('381', 'AA391'),
('382', 'AA392'),
('383', 'AA393'),
('384', 'AA394'),
('385', 'AA395'),
('386', 'AA396'),
('387', 'AA397'),
('388', 'AA398'),
('389', 'AA399'),
('39', 'AA49'),
('390', 'AA400'),
('391', 'AA401'),
('392', 'AA402'),
('393', 'AA403'),
('394', 'AA404'),
('395', 'AA405'),
('396', 'AA406'),
('397', 'AA407'),
('398', 'AA408'),
('399', 'AA409'),
('4', 'AA14'),
('40', 'AA50'),
('400', 'AA410'),
('401', 'AA411'),
('402', 'AA412'),
('403', 'AA413'),
('404', 'AA414'),
('405', 'AA415'),
('406', 'AA416'),
('407', 'AA417'),
('408', 'AA418'),
('409', 'AA419'),
('41', 'AA51'),
('410', 'AA420'),
('411', 'AA421'),
('412', 'AA422'),
('413', 'AA423'),
('414', 'AA424'),
('415', 'AA425'),
('416', 'AA426'),
('417', 'AA427'),
('418', 'AA428'),
('419', 'AA429'),
('42', 'AA52'),
('420', 'AA430'),
('421', 'AA431'),
('422', 'AA432'),
('423', 'AA433'),
('424', 'AA434'),
('425', 'AA435'),
('426', 'AA436'),
('427', 'AA437'),
('428', 'AA438'),
('429', 'AA439'),
('43', 'AA53'),
('430', 'AA440'),
('431', 'AA441'),
('432', 'AA442'),
('433', 'AA443'),
('434', 'AA444'),
('435', 'AA445'),
('436', 'AA446'),
('437', 'AA447'),
('438', 'AA448'),
('439', 'AA449'),
('44', 'AA54'),
('440', 'AA450'),
('441', 'AA451'),
('442', 'AA452'),
('443', 'AA453'),
('444', 'AA454'),
('445', 'AA455'),
('446', 'AA456'),
('447', 'AA457'),
('448', 'AA458'),
('449', 'AA459'),
('45', 'AA55'),
('450', 'AA460'),
('451', 'AA461'),
('452', 'AA462'),
('453', 'AA463'),
('454', 'AA464'),
('455', 'AA465'),
('456', 'AA466'),
('457', 'AA467'),
('458', 'AA468'),
('459', 'AA469'),
('46', 'AA56'),
('460', 'AA470'),
('461', 'AA471'),
('462', 'AA472'),
('463', 'AA473'),
('464', 'AA474'),
('465', 'AA475'),
('466', 'AA476'),
('467', 'AA477'),
('468', 'AA478'),
('469', 'AA479'),
('47', 'AA57'),
('470', 'AA480'),
('471', 'AA481'),
('472', 'AA482'),
('473', 'AA483'),
('474', 'AA484'),
('475', 'AA485'),
('476', 'AA486'),
('477', 'AA487'),
('478', 'AA488'),
('479', 'AA489'),
('48', 'AA58'),
('480', 'AA490'),
('481', 'AA491'),
('482', 'AA492'),
('483', 'AA493'),
('484', 'AA494'),
('485', 'AA495'),
('486', 'AA496'),
('487', 'AA497'),
('488', 'AA498'),
('489', 'AA499'),
('49', 'AA59'),
('490', 'AA500'),
('491', 'AA501'),
('492', 'AA502'),
('493', 'AA503'),
('494', 'AA504'),
('495', 'AA505'),
('496', 'AA506'),
('497', 'AA507'),
('498', 'AA508'),
('499', 'AA509'),
('5', 'AA15'),
('50', 'AA60'),
('500', 'AA510'),
('501', 'AA511'),
('502', 'AA512'),
('503', 'AA513'),
('504', 'AA514'),
('505', 'AA515'),
('506', 'AA516'),
('507', 'AA517'),
('508', 'AA518'),
('509', 'AA519'),
('51', 'AA61'),
('510', 'AA520'),
('511', 'AA521'),
('512', 'AA522'),
('513', 'AA523'),
('514', 'AA524'),
('515', 'AA525'),
('516', 'AA526'),
('517', 'AA527'),
('518', 'AA528'),
('519', 'AA529'),
('52', 'AA62'),
('520', 'AA530'),
('521', 'AA531'),
('522', 'AA532'),
('523', 'AA533'),
('524', 'AA534'),
('525', 'AA535'),
('526', 'AA536'),
('527', 'AA537'),
('528', 'AA538'),
('529', 'AA539'),
('53', 'AA63'),
('530', 'AA540'),
('531', 'AA541'),
('532', 'AA542'),
('533', 'AA543'),
('534', 'AA544'),
('535', 'AA545'),
('536', 'AA546'),
('537', 'AA547'),
('538', 'AA548'),
('539', 'AA549'),
('54', 'AA64'),
('540', 'AA550'),
('541', 'AA551'),
('542', 'AA552'),
('543', 'AA553'),
('544', 'AA554'),
('545', 'AA555'),
('546', 'AA556'),
('547', 'AA557'),
('548', 'AA558'),
('549', 'AA559'),
('55', 'AA65'),
('550', 'AA560'),
('551', 'AA561'),
('552', 'AA562'),
('553', 'AA563'),
('554', 'AA564'),
('555', 'AA565'),
('556', 'AA566'),
('557', 'AA567'),
('558', 'AA568'),
('559', 'AA569'),
('56', 'AA66'),
('560', 'AA570'),
('561', 'AA571'),
('562', 'AA572'),
('563', 'AA573'),
('564', 'AA574'),
('565', 'AA575'),
('566', 'AA576'),
('567', 'AA577'),
('568', 'AA578'),
('569', 'AA579'),
('57', 'AA67'),
('570', 'AA580'),
('571', 'AA581'),
('572', 'AA582'),
('573', 'AA583'),
('574', 'AA584'),
('575', 'AA585'),
('576', 'AA586'),
('577', 'AA587'),
('578', 'AA588'),
('579', 'AA589'),
('58', 'AA68'),
('580', 'AA590'),
('581', 'AA591'),
('582', 'AA592'),
('583', 'AA593'),
('584', 'AA594'),
('585', 'AA595'),
('586', 'AA596'),
('587', 'AA597'),
('588', 'AA598'),
('589', 'AA599'),
('59', 'AA69'),
('590', 'AA600'),
('591', 'AA601'),
('592', 'AA602'),
('593', 'AA603'),
('594', 'AA604'),
('595', 'AA605'),
('596', 'AA606'),
('597', 'AA607'),
('598', 'AA608'),
('599', 'AA609'),
('6', 'AA16'),
('60', 'AA70'),
('600', 'AA610'),
('601', 'AA611'),
('602', 'AA612'),
('603', 'AA613'),
('604', 'AA614'),
('605', 'AA615'),
('606', 'AA616'),
('607', 'AA617'),
('608', 'AA618'),
('609', 'AA619'),
('61', 'AA71'),
('610', 'AA620'),
('611', 'AA621'),
('612', 'AA622'),
('613', 'AA623'),
('614', 'AA624'),
('615', 'AA625'),
('616', 'AA626'),
('617', 'AA627'),
('618', 'AA628'),
('619', 'AA629'),
('62', 'AA72'),
('620', 'AA630'),
('621', 'AA631'),
('622', 'AA632'),
('623', 'AA633'),
('624', 'AA634'),
('625', 'AA635'),
('626', 'AA636'),
('627', 'AA637'),
('628', 'AA638'),
('629', 'AA639'),
('63', 'AA73'),
('630', 'AA640'),
('631', 'AA641'),
('632', 'AA642'),
('633', 'AA643'),
('634', 'AA644'),
('635', 'AA645'),
('636', 'AA646'),
('637', 'AA647'),
('638', 'AA648'),
('639', 'AA649'),
('64', 'AA74'),
('640', 'AA650'),
('641', 'AA651'),
('642', 'AA652'),
('643', 'AA653'),
('644', 'AA654'),
('645', 'AA655'),
('646', 'AA656'),
('647', 'AA657'),
('648', 'AA658'),
('649', 'AA659'),
('65', 'AA75'),
('650', 'AA660'),
('651', 'AA661'),
('652', 'AA662'),
('653', 'AA663'),
('654', 'AA664'),
('655', 'AA665'),
('656', 'AA666'),
('657', 'AA667'),
('658', 'AA668'),
('659', 'AA669'),
('66', 'AA76'),
('660', 'AA670'),
('661', 'AA671'),
('662', 'AA672'),
('663', 'AA673'),
('664', 'AA674'),
('665', 'AA675'),
('666', 'AA676'),
('667', 'AA677'),
('668', 'AA678'),
('669', 'AA679'),
('67', 'AA77'),
('670', 'AA680'),
('671', 'AA681'),
('672', 'AA682'),
('673', 'AA683'),
('674', 'AA684'),
('675', 'AA685'),
('676', 'AA686'),
('677', 'AA687'),
('678', 'AA688'),
('679', 'AA689'),
('68', 'AA78'),
('680', 'AA690'),
('681', 'AA691'),
('682', 'AA692'),
('683', 'AA693'),
('684', 'AA694'),
('685', 'AA695'),
('686', 'AA696'),
('687', 'AA697'),
('688', 'AA698'),
('689', 'AA699'),
('69', 'AA79'),
('690', 'AA700'),
('691', 'AA701'),
('692', 'AA702'),
('693', 'AA703'),
('694', 'AA704'),
('695', 'AA705'),
('696', 'AA706'),
('697', 'AA707'),
('698', 'AA708'),
('699', 'AA709'),
('7', 'AA17'),
('70', 'AA80'),
('700', 'AA710'),
('701', 'AA711'),
('702', 'AA712'),
('703', 'AA713'),
('704', 'AA714'),
('705', 'AA715'),
('706', 'AA716'),
('707', 'AA717'),
('708', 'AA718'),
('709', 'AA719'),
('71', 'AA81'),
('710', 'AA720'),
('711', 'AA721'),
('712', 'AA722'),
('713', 'AA723'),
('714', 'AA724'),
('715', 'AA725'),
('716', 'AA726'),
('717', 'AA727'),
('718', 'AA728'),
('719', 'AA729'),
('72', 'AA82'),
('720', 'AA730'),
('721', 'AA731'),
('722', 'AA732'),
('723', 'AA733'),
('724', 'AA734'),
('725', 'AA735'),
('726', 'AA736'),
('727', 'AA737'),
('728', 'AA738'),
('729', 'AA739'),
('73', 'AA83'),
('730', 'AA740'),
('731', 'AA741'),
('732', 'AA742'),
('733', 'AA743'),
('734', 'AA744'),
('735', 'AA745'),
('736', 'AA746'),
('737', 'AA747'),
('738', 'AA748'),
('739', 'AA749'),
('74', 'AA84'),
('740', 'AA750'),
('741', 'AA751'),
('742', 'AA752'),
('743', 'AA753'),
('744', 'AA754'),
('745', 'AA755'),
('746', 'AA756'),
('747', 'AA757'),
('748', 'AA758'),
('749', 'AA759'),
('75', 'AA85'),
('750', 'AA760'),
('751', 'AA761'),
('752', 'AA762'),
('753', 'AA763'),
('754', 'AA764'),
('755', 'AA765'),
('756', 'AA766'),
('757', 'AA767'),
('758', 'AA768'),
('759', 'AA769'),
('76', 'AA86'),
('760', 'AA770'),
('761', 'AA771'),
('762', 'AA772'),
('763', 'AA773'),
('764', 'AA774'),
('765', 'AA775'),
('766', 'AA776'),
('767', 'AA777'),
('768', 'AA778'),
('769', 'AA779'),
('77', 'AA87'),
('770', 'AA780'),
('771', 'AA781'),
('772', 'AA782'),
('773', 'AA783'),
('774', 'AA784'),
('775', 'AA785'),
('776', 'AA786'),
('777', 'AA787'),
('778', 'AA788'),
('779', 'AA789'),
('78', 'AA88'),
('780', 'AA790'),
('781', 'AA791'),
('782', 'AA792'),
('783', 'AA793'),
('784', 'AA794'),
('785', 'AA795'),
('786', 'AA796'),
('787', 'AA797'),
('788', 'AA798'),
('789', 'AA799'),
('79', 'AA89'),
('790', 'AA800'),
('791', 'AA801'),
('792', 'AA802'),
('793', 'AA803'),
('794', 'AA804'),
('795', 'AA805'),
('796', 'AA806'),
('797', 'AA807'),
('798', 'AA808'),
('799', 'AA809'),
('8', 'AA18'),
('80', 'AA90'),
('800', 'AA810'),
('801', 'AA811'),
('802', 'AA812'),
('803', 'AA813'),
('804', 'AA814'),
('805', 'AA815'),
('806', 'AA816'),
('807', 'AA817'),
('808', 'AA818'),
('809', 'AA819'),
('81', 'AA91'),
('810', 'AA820'),
('811', 'AA821'),
('812', 'AA822'),
('813', 'AA823'),
('814', 'AA824'),
('815', 'AA825'),
('816', 'AA826'),
('817', 'AA827'),
('818', 'AA828'),
('819', 'AA829'),
('82', 'AA92'),
('820', 'AA830'),
('821', 'AA831'),
('822', 'AA832'),
('823', 'AA833'),
('824', 'AA834'),
('825', 'AA835'),
('826', 'AA836'),
('827', 'AA837'),
('828', 'AA838'),
('829', 'AA839'),
('83', 'AA93'),
('830', 'AA840'),
('831', 'AA841'),
('832', 'AA842'),
('833', 'AA843'),
('834', 'AA844'),
('835', 'AA845'),
('836', 'AA846'),
('837', 'AA847'),
('838', 'AA848'),
('839', 'AA849'),
('84', 'AA94'),
('840', 'AA850'),
('841', 'AA851'),
('842', 'AA852'),
('843', 'AA853'),
('844', 'AA854'),
('845', 'AA855'),
('846', 'AA856'),
('847', 'AA857'),
('848', 'AA858'),
('849', 'AA859'),
('85', 'AA95'),
('850', 'AA860'),
('851', 'AA861'),
('852', 'AA862'),
('853', 'AA863'),
('854', 'AA864'),
('855', 'AA865'),
('856', 'AA866'),
('857', 'AA867'),
('858', 'AA868'),
('859', 'AA869'),
('86', 'AA96'),
('860', 'AA870'),
('861', 'AA871'),
('862', 'AA872'),
('863', 'AA873'),
('864', 'AA874'),
('865', 'AA875'),
('866', 'AA876'),
('867', 'AA877'),
('868', 'AA878'),
('869', 'AA879'),
('87', 'AA97'),
('870', 'AA880'),
('871', 'AA881'),
('872', 'AA882'),
('873', 'AA883'),
('874', 'AA884'),
('875', 'AA885'),
('876', 'AA886'),
('877', 'AA887'),
('878', 'AA888'),
('879', 'AA889'),
('88', 'AA98'),
('880', 'AA890'),
('881', 'AA891'),
('882', 'AA892'),
('883', 'AA893'),
('884', 'AA894'),
('885', 'AA895'),
('886', 'AA896'),
('887', 'AA897'),
('888', 'AA898'),
('889', 'AA899'),
('89', 'AA99'),
('890', 'AA900'),
('891', 'AA901'),
('892', 'AA902'),
('893', 'AA903'),
('894', 'AA904'),
('895', 'AA905'),
('896', 'AA906'),
('897', 'AA907'),
('898', 'AA908'),
('899', 'AA909'),
('9', 'AA19'),
('90', 'AA100'),
('900', 'AA910'),
('901', 'AA911'),
('902', 'AA912'),
('903', 'AA913'),
('904', 'AA914'),
('905', 'AA915'),
('906', 'AA916'),
('907', 'AA917'),
('908', 'AA918'),
('909', 'AA919'),
('91', 'AA101'),
('910', 'AA920'),
('911', 'AA921'),
('912', 'AA922'),
('913', 'AA923'),
('914', 'AA924'),
('915', 'AA925'),
('916', 'AA926'),
('917', 'AA927'),
('918', 'AA928'),
('919', 'AA929'),
('92', 'AA102'),
('920', 'AA930'),
('921', 'AA931'),
('922', 'AA932'),
('923', 'AA933'),
('924', 'AA934'),
('925', 'AA935'),
('926', 'AA936'),
('927', 'AA937'),
('928', 'AA938'),
('929', 'AA939'),
('93', 'AA103'),
('930', 'AA940'),
('931', 'AA941'),
('932', 'AA942'),
('933', 'AA943'),
('934', 'AA944'),
('935', 'AA945'),
('936', 'AA946'),
('937', 'AA947'),
('938', 'AA948'),
('939', 'AA949'),
('94', 'AA104'),
('940', 'AA950'),
('941', 'AA951'),
('942', 'AA952'),
('943', 'AA953'),
('944', 'AA954'),
('945', 'AA955'),
('946', 'AA956'),
('947', 'AA957'),
('948', 'AA958'),
('949', 'AA959'),
('95', 'AA105'),
('950', 'AA960'),
('951', 'AA961'),
('952', 'AA962'),
('953', 'AA963'),
('954', 'AA964'),
('955', 'AA965'),
('956', 'AA966'),
('957', 'AA967'),
('958', 'AA968'),
('959', 'AA969'),
('96', 'AA106'),
('960', 'AA970'),
('961', 'AA971'),
('962', 'AA972'),
('963', 'AA973'),
('964', 'AA974'),
('965', 'AA975'),
('966', 'AA976'),
('967', 'AA977'),
('968', 'AA978'),
('969', 'AA979'),
('97', 'AA107'),
('970', 'AA980'),
('971', 'AA981'),
('972', 'AA982'),
('973', 'AA983'),
('974', 'AA984'),
('975', 'AA985'),
('976', 'AA986'),
('977', 'AA987'),
('978', 'AA988'),
('979', 'AA989'),
('98', 'AA108'),
('980', 'AA990'),
('981', 'AA991'),
('982', 'AA992'),
('983', 'AA993'),
('984', 'AA994'),
('985', 'AA995'),
('986', 'AA996'),
('987', 'AA997'),
('988', 'AA998'),
('989', 'AA999'),
('99', 'AA109'),
('990', 'AA1000'),
('991', 'AA1001'),
('992', 'AA1002'),
('993', 'AA1003'),
('994', 'AA1004'),
('995', 'AA1005'),
('996', 'AA1006'),
('997', 'AA1007'),
('998', 'AA1008'),
('999', 'AA1009');

-- --------------------------------------------------------

--
-- Struktur dari tabel `bukutamu`
--

CREATE TABLE IF NOT EXISTS `bukutamu` (
  `id` bigint(20) NOT NULL AUTO_INCREMENT,
  `kode_bukutamu` varchar(255) NOT NULL,
  `nama` varchar(255) NOT NULL,
  `cabang` varchar(255) NOT NULL,
  `tempat_lahir` varchar(255) NOT NULL,
  `tanggal_lahir` varchar(255) NOT NULL,
  `alamat` varchar(255) NOT NULL,
  `hp` varchar(255) NOT NULL,
  `email` varchar(255) NOT NULL,
  `keperluan` varchar(255) NOT NULL,
  `pilihan_hari_1` varchar(255) NOT NULL,
  `pilihan_hari_2` varchar(255) NOT NULL,
  `pt_tanggal` varchar(255) NOT NULL,
  `pt_pic` varchar(255) NOT NULL,
  `pt_structure_scr` int(11) NOT NULL,
  `pt_written_scr` int(11) NOT NULL,
  `pt_expression_scr` int(11) NOT NULL,
  `pt_rata` int(11) NOT NULL,
  `pt_rec_level` varchar(255) NOT NULL,
  `pt_notes` varchar(255) NOT NULL,
  `sekolah_asal` varchar(255) NOT NULL,
  `program` text NOT NULL,
  `sumber_informasi` text NOT NULL,
  `sumber_lain` varchar(255) NOT NULL,
  `tanggal_buat` date NOT NULL,
  `sudah_daftar` varchar(1) NOT NULL,
  PRIMARY KEY (`id`),
  UNIQUE KEY `kode_bukutamu` (`kode_bukutamu`)
) ENGINE=InnoDB  DEFAULT CHARSET=latin1 AUTO_INCREMENT=36 ;

--
-- Dumping data untuk tabel `bukutamu`
--

INSERT INTO `bukutamu` (`id`, `kode_bukutamu`, `nama`, `cabang`, `tempat_lahir`, `tanggal_lahir`, `alamat`, `hp`, `email`, `keperluan`, `pilihan_hari_1`, `pilihan_hari_2`, `pt_tanggal`, `pt_pic`, `pt_structure_scr`, `pt_written_scr`, `pt_expression_scr`, `pt_rata`, `pt_rec_level`, `pt_notes`, `sekolah_asal`, `program`, `sumber_informasi`, `sumber_lain`, `tanggal_buat`, `sudah_daftar`) VALUES
(10, 'BT-B02-201402001', 'asdsad', 'B02', 'sadsa', '2014-03-19', 'sadsad', 'sadsad', 'sadsad', 'sadasd', 'Kamis', '13:20', '', '', 0, 0, 0, 0, '', '', 'asdsa', 'Reguler Dewasa', 'Koran', 'asdsad', '2014-10-18', '1'),
(11, 'BT-B02-201403002', 'huahahaha', 'B02', 'huahahaha', '2014-03-12', 'huahahaa', 'huahaha', 'huahaha', 'huahaha', 'Kamis', '14:20', '', '', 0, 0, 0, 0, '', '', 'sadsad', 'Reguler Dewasa', 'Koran', 'asd', '2014-10-18', '1'),
(12, 'BT-B02-201403003', 'testtest', 'B02', 'test', '2014-03-04', 'sadasd', '123123', '123123', '123123', 'Rabu', '14:20', '2014-03-30', '11111', 80, 90, 85, 85, 'PC-1B', '', 'sadasdasd', 'Program Percakapan Intensif', 'Internet', 'asdasd', '2014-10-18', '1'),
(13, 'BT-B02-201403004', 'Rohadi', 'B02', 'Jakarta', '1988-09-06', 'Jalan Permai', '08746728374', 'hahaha@gmail.com', 'test test', 'Selasa', '15:00', '', '', 0, 0, 0, 0, '', '', 'SMA N 80 Jakarta', 'Program Bahasa Inggris Perusahaan', 'Internet', '', '2014-10-18', '1'),
(14, 'BT-B02-201404005', 'Niesha', 'B02', 'Bekasi', '2014-04-09', 'asdad', 'sadasd', 'asdasd', 'sadsad', 'Rabu', '', '', '', 0, 0, 0, 0, '', '', 'asdsad', 'Program Percakapan Cepat', 'Koran', '', '2014-10-18', '1'),
(15, 'BT-B02-201407006', 'test', 'B02', 'test', '2014-07-16', 'sadasd', 'sadkasdas', 'kaskldja', 'aklsjdlaskj', 'Senin', 'Selasa', '', '', 0, 0, 0, 0, '', '', '2342344', 'Program Percakapan Cepat', 'Brosur', 'sadasd', '2014-10-18', '1'),
(16, 'BT-B01-201408001', 'Eko', 'B01', 'Test', '2014-08-11', 'test', '98098908', 'test@test.com', 'r32rmewoifnmiodswnfisdf', 'Selasa', 'Selasa', '', '', 0, 0, 0, 0, '', '', 'ertrtrt', 'Reguler Dewasa', 'Koran', '', '2014-10-18', '1'),
(17, 'BT-B01-201408002', 'Djarot', 'B01', 'osdnfiosjf', '2014-08-11', 'gfdgdfgdfg', 'dfgdfgd', 'fdfgdfgdfg', 'fdgdfgdfg', 'Kamis', 'Sabtu', '', '', 0, 0, 0, 0, '', '', 'dfgdfg', 'Reguler Dewasa', 'Koran', '', '2014-10-18', '1'),
(18, 'BT-B01-201408003', 'Uzumaki Naruto', 'B01', 'asdjasdsa', '2014-08-06', '123123', '123123', '123123', '123123', 'Kamis', 'Sabtu', '', '', 0, 0, 0, 0, '', '', '123123', 'Reguler Dewasa', 'Brosur', '', '2014-10-18', '1'),
(19, 'BT-B01-201408004', 'Sakura Haruno', 'B01', 'asdasd', '2014-08-01', '123213', '123123', '123123', '123123', 'Sabtu', 'Sabtu', '', '', 0, 0, 0, 0, '', '', '123123', 'Program Percakapan Intensif', 'Brosur', '12313', '2014-10-18', '1'),
(21, 'BT-B01-201408005', 'sasuke uchiha', 'B01', '12313', '2014-08-05', '12313', '123123', '123', '123', 'Selasa', 'Selasa', '', '', 0, 0, 0, 0, '', '', '123', 'Reguler Dewasa', 'Koran', '', '2014-10-18', '1'),
(22, 'BT-B01-201408006', 'Hatake Kakashi', 'B01', '12312', '2014-08-05', '123', '213', '123', '123', 'Jumat', 'Rabu', '', '', 0, 0, 0, 0, '', '', '123', 'Program Persiapan TOEFL/TOEIC', 'Spanduk', '', '2014-10-18', '1'),
(23, 'BT-B20-201408001', 'Shikamaru', 'B20', 'xxx', '2014-08-05', 'xxx', 'xxx', 'xxx', 'xxx', 'Rabu', 'Selasa', '', '', 0, 0, 0, 0, '', '', 'xxx', 'Reguler Dewasa', 'Koran', '', '2014-10-18', '1'),
(24, 'BT-B20-201408002', 'Choji', 'B20', 'xxx', '2014-08-05', 'xx', 'xxx', 'xx', 'xx', 'Kamis', 'Rabu', '', '', 0, 0, 0, 0, '', '', 'xxx', 'Reguler Dewasa', 'Koran', '', '2014-10-18', '1'),
(25, 'BT-B20-201408003', 'Ino', 'B20', 'xxx', '2014-08-07', 'xx', 'xxx', 'xxx', 'xxx', 'Rabu', 'Kamis', '', '', 0, 0, 0, 0, '', '', 'xxx', 'Program Percakapan Intensif', 'Koran', '', '2014-10-18', '1'),
(26, 'BT-B20-201408004', 'Shino', 'B20', 'xxx', '2014-08-11', 'xxx', 'xxx', 'xxx', 'xxx', 'Rabu', 'Kamis', '', '', 0, 0, 0, 0, '', '', 'xxx', 'Program Persiapan TOEFL/TOEIC', 'Spanduk', 'xxxx', '2014-10-18', '1'),
(27, 'BT-B20-201408005', 'Hinata', 'B20', 'xxx', '2014-08-18', 'xxx', 'xxx', 'xxx', 'xxx', 'Rabu', 'Kamis', '', '', 0, 0, 0, 0, '', '', 'xxx', 'Program Percakapan Intensif', 'Brosur', '', '2014-10-18', '1'),
(28, 'BT-B20-201408006', 'Kiba', 'B20', 'xxx', '2014-08-04', 'xxx', 'xx', 'xxx', 'xxx', 'Rabu', 'Jumat', '', '', 0, 0, 0, 0, '', '', 'xxx', 'Program Persiapan TOEFL/TOEIC', 'Televisi', '', '2014-10-18', '1'),
(29, 'BT-B20-201408007', 'Gara', 'B20', 'xxx', '2014-08-01', 'xx', 'xxxx', 'xxx', 'xxx', 'Kamis', 'Kamis', '', '', 0, 0, 0, 0, '', '', 'xxx', 'Program Percakapan Intensif', 'Koran', '', '2014-10-18', '1'),
(30, 'BT-B20-201408008', 'Temari', 'B20', 'xxx', '2014-08-05', 'xxx', 'xx', 'xxxx', 'xxx', 'Jumat', 'Sabtu', '', '', 0, 0, 0, 0, '', '', 'xxx', 'Program Percakapan Intensif', 'Televisi', '', '2014-10-18', '1'),
(31, 'BT-B02-201410007', 'kucluk', 'B02', 'jepara', '2014-10-01', 'xxx', 'xxx', 'xxx', 'xxxx', 'Sabtu', 'Selasa', '', '', 0, 0, 0, 0, '', '', '123123', 'Program Percakapan Cepat', 'Brosur', '', '2014-10-18', '1'),
(32, 'BT-B02-201410008', 'Tsardos', 'B02', 'Jakarta', '2014-10-08', 'Jakarta', '0897987', 'tsardos@slapito.com', 'sjdnfjskdnf', 'Senin', 'Kamis', '', '', 0, 0, 0, 0, '', '', '', 'Program Percakapan Cepat', 'Brosur', '', '2014-10-31', '1'),
(33, 'BT-B02-201410009', 'arif ', 'B02', 'jakarta', '2014-10-14', '', '987987987987', '', '', '', '', '', '', 0, 0, 0, 0, '', '', '', '0', '0', '', '2014-10-31', '1'),
(34, 'BT-B02-201411010', 'Test 07112014', 'B02', 'Jakarta', '2014-11-11', 'test', 'test', 'test@test.com', 'test', 'Selasa', 'Selasa', '2014-11-13', '333333', 80, 80, 80, 80, 'PC-2A', '', 'test', 'Program Persiapan TOEFL/TOEIC', 'Brosur', '', '2014-11-07', '1'),
(35, 'BT-B20-201412009', 'Test 15122014', 'B20', 'test', '2014-12-15', 'test', 'test', 'test', '', 'Senin', 'Rabu', '', '', 0, 0, 0, 0, '', '', '', 'Program Percakapan Intensif', 'Televisi', '', '2014-12-16', '');

-- --------------------------------------------------------

--
-- Struktur dari tabel `bukutamu_followup`
--

CREATE TABLE IF NOT EXISTS `bukutamu_followup` (
  `id` bigint(20) NOT NULL AUTO_INCREMENT,
  `kode_bukutamu` varchar(255) NOT NULL,
  `tanggal` date NOT NULL,
  `via` varchar(255) NOT NULL,
  `hasil` text NOT NULL,
  PRIMARY KEY (`id`),
  KEY `kode_bukutamu` (`kode_bukutamu`)
) ENGINE=InnoDB DEFAULT CHARSET=latin1 AUTO_INCREMENT=1 ;

-- --------------------------------------------------------

--
-- Struktur dari tabel `cabang`
--

CREATE TABLE IF NOT EXISTS `cabang` (
  `kode_cabang` varchar(255) NOT NULL,
  `nama_cabang` varchar(255) NOT NULL,
  `alamat` varchar(255) NOT NULL,
  `telepon` varchar(255) NOT NULL,
  `ym_id` varchar(255) NOT NULL,
  PRIMARY KEY (`kode_cabang`)
) ENGINE=InnoDB DEFAULT CHARSET=latin1;

--
-- Dumping data untuk tabel `cabang`
--

INSERT INTO `cabang` (`kode_cabang`, `nama_cabang`, `alamat`, `telepon`, `ym_id`) VALUES
('B01', 'Cililitan', 'Jl. Dewi Sartika Kav. 2 & 3, Cililitan, ', '. 8090474, 8015349', ''),
('B02', 'Rawamangun', 'Jl. Sunan Sedayu 12, Rawamangun, ', '. 4753601, 4718795', ''),
('B04', 'Kemayoran', 'Jl. Kemayoran Ketapang No. 8, ', '. 4209118', ''),
('B05', 'Bekasi I', 'JI. I r. H.Juanda 133 ', '. 8802649,8808264', ''),
('B07', 'Depok Timur', 'Jl. Raya Bahagia 3-4, Depok II Timur, ', '. 7703426', ''),
('B08', 'Pondok Gede', 'JI. Raya Jati Makmur No.1, Pondok Gede, ', '. 8461037', ''),
('B09', 'Pondok Labu', 'Jl. Raya Margasatwa 58-B, Pondok Labu, ', '. 7507888', ''),
('B11', 'Tangerang', 'Jl. Beringin Raya 16, Perum Karawaci, ', '. 5511757', ''),
('B13', 'Ciledug', 'Jl HOS. Cokroaminoto No.61, (Prmpt Pojok) Ciledug ', '. 73454366', ''),
('B15', 'Bandung', 'JI. Kerta Bumi 1 dan 2, (samping Bank BJB) ', '. (0267) 8452345', ''),
('B16', 'Depok I', 'Jl. Nusantara No. 80 Depok 1, ', '. 7776869', ''),
('B17', 'Karawang', 'JI. Kerta Bumi 1 dan 2, (samping Bank BJB) ', '. (0267) 8452345', ''),
('B19', 'Klender', 'Jl. Raya Perumnas (Delima) 5 FG, Malaka Klender ', '. 8611318', ''),
('B20', 'Ciracas', 'Jl. Raya Bogor Km. 26 No. 5, Ciracas ', '. 8711146', ''),
('B22', 'Semarang I', 'JI. Jati Raya Blok K/4 Perum Banyumanik, ', '. (024) 7475881', ''),
('B23', 'Bekasi 3', 'JI. Dasa Darma No. 8, Bumi Bekasi Baru Rawalumbu, ', '. 98234658', ''),
('B24', 'Bogor', 'Jl. Pandawa Raya No. 11 Bogor Telp. (0251)8356832', '', ''),
('B25', 'Semarang II', 'Jl. Tlogosari Raya I/47,.Perum Tlogosari,', '. (024) 6719682', ''),
('B27', 'Pondok Cabe', 'Jl.Terbang Layang 10A Pondok Cabe ', '. 7403731', ''),
('B28', 'Cimanggis', 'Jl. Raya Bogor Km. 30/54, Cimanggis ', '. 87710043', ''),
('B32', 'Koja', 'JI. Menteng 76, Lagoa Koja  Tg Priok ', '. 4374352', ''),
('B34', 'Bumi Serpong Damai', 'Ruko Golden Viena I Blok BA 18 sektor 12, BSD, Telp 75882384', '', ''),
('B36', 'Jati Asih', 'Jl. Swatantra No. 2, Jatiasih (Dpn Kec.) ', '. 82428009', ''),
('B37', 'Sukatani', 'Jl. Pekapuran Raya No.11, Sukatani Tapos-Depok, ', '87741284', ''),
('B38', 'Kayu Manis', 'Jl. Kebon Kelapa Raya No: 3. Kayu Manis, Matraman, ', '85901650', '');

-- --------------------------------------------------------

--
-- Struktur dari tabel `guru`
--

CREATE TABLE IF NOT EXISTS `guru` (
  `NIK` varchar(255) NOT NULL,
  `nama` varchar(255) NOT NULL,
  `alamat` varchar(255) NOT NULL,
  `tempat_lahir` varchar(255) NOT NULL,
  `tanggal_lahir` date NOT NULL,
  `cabang` varchar(255) NOT NULL,
  `email` varchar(255) NOT NULL,
  `pendidikan_terakhir` varchar(255) NOT NULL,
  `telepon` varchar(255) NOT NULL,
  `hp` varchar(255) NOT NULL,
  `tanggal_masuk` date NOT NULL,
  `foto` varchar(255) NOT NULL,
  `pwd` varchar(255) NOT NULL,
  PRIMARY KEY (`NIK`)
) ENGINE=InnoDB DEFAULT CHARSET=latin1;

-- --------------------------------------------------------

--
-- Struktur dari tabel `jenis_tagihan`
--

CREATE TABLE IF NOT EXISTS `jenis_tagihan` (
  `id` int(11) NOT NULL AUTO_INCREMENT,
  `nama_tagihan` varchar(255) NOT NULL,
  `deskripsi_tagihan` text NOT NULL,
  `besar_tagihan` float NOT NULL,
  PRIMARY KEY (`id`),
  UNIQUE KEY `nama_tagihan` (`nama_tagihan`)
) ENGINE=InnoDB  DEFAULT CHARSET=latin1 AUTO_INCREMENT=4 ;

--
-- Dumping data untuk tabel `jenis_tagihan`
--

INSERT INTO `jenis_tagihan` (`id`, `nama_tagihan`, `deskripsi_tagihan`, `besar_tagihan`) VALUES
(1, 'Biaya Pendaftaran', 'mencakup Biaya A B C D', 200000),
(3, 'Voucher', 'Voucher Marketing', -50000);

-- --------------------------------------------------------

--
-- Struktur dari tabel `kelas`
--

CREATE TABLE IF NOT EXISTS `kelas` (
  `kode_kelas` varchar(255) NOT NULL,
  `cabang` varchar(255) NOT NULL,
  `level` varchar(255) NOT NULL,
  `hari` varchar(255) NOT NULL,
  `jam` varchar(255) NOT NULL,
  `ruang` varchar(255) NOT NULL,
  `guru` varchar(255) NOT NULL,
  `jumlah_pertemuan` int(11) NOT NULL,
  `tgl_mulai` date NOT NULL,
  `tgl_ujian` date NOT NULL,
  `tgl_selesai` date NOT NULL,
  `harga` float NOT NULL,
  PRIMARY KEY (`kode_kelas`)
) ENGINE=InnoDB DEFAULT CHARSET=latin1;

-- --------------------------------------------------------

--
-- Struktur dari tabel `kelas_pertemuan`
--

CREATE TABLE IF NOT EXISTS `kelas_pertemuan` (
  `id` bigint(20) NOT NULL AUTO_INCREMENT,
  `kode_kelas` varchar(255) NOT NULL,
  `tanggal` date NOT NULL,
  PRIMARY KEY (`id`)
) ENGINE=InnoDB DEFAULT CHARSET=latin1 AUTO_INCREMENT=1 ;

-- --------------------------------------------------------

--
-- Struktur dari tabel `kwitansi`
--

CREATE TABLE IF NOT EXISTS `kwitansi` (
  `id` varchar(255) NOT NULL,
  `nis` varchar(255) NOT NULL,
  `cabang` varchar(255) NOT NULL,
  `keterangan` varchar(255) NOT NULL,
  `tanggal` date NOT NULL,
  `total_bayar` float NOT NULL,
  PRIMARY KEY (`id`)
) ENGINE=InnoDB DEFAULT CHARSET=latin1;

-- --------------------------------------------------------

--
-- Struktur dari tabel `kwitansi_item`
--

CREATE TABLE IF NOT EXISTS `kwitansi_item` (
  `id` bigint(20) NOT NULL AUTO_INCREMENT,
  `id_kwitansi` varchar(255) NOT NULL,
  `id_tagihan` bigint(20) NOT NULL,
  `jumlah_bayar` float NOT NULL,
  `notes` varchar(255) NOT NULL,
  PRIMARY KEY (`id`)
) ENGINE=InnoDB DEFAULT CHARSET=latin1 AUTO_INCREMENT=1 ;

-- --------------------------------------------------------

--
-- Struktur dari tabel `level`
--

CREATE TABLE IF NOT EXISTS `level` (
  `id_level` varchar(255) NOT NULL,
  `nama_level` varchar(255) NOT NULL,
  `harga` float NOT NULL,
  `program` int(11) NOT NULL,
  PRIMARY KEY (`id_level`)
) ENGINE=InnoDB DEFAULT CHARSET=latin1;

--
-- Dumping data untuk tabel `level`
--

INSERT INTO `level` (`id_level`, `nama_level`, `harga`, `program`) VALUES
('PC-1A', 'Preparatory Class 1A', 200000, 1),
('PC-1B', 'Preparatory Class 1B', 200000, 1),
('PC-2A', 'Preparatory Class 2A', 200000, 1),
('PC-2B', 'Preparatory Class 2B', 200000, 1),
('PC-3A', 'Preparatory Class 3A', 200000, 1),
('PC-4A', 'Preparatory Class 4A', 200000, 1),
('PC-4B', 'Preparatory Class 4B', 200000, 1),
('PC-5A', 'Preparatory Class 5A', 200000, 1),
('PC-5B', 'Preparatory Class 5B', 200000, 1),
('PC-6A', 'Preparatory Class 6A', 200000, 1),
('PC-6B', 'Preparatory Class 6B', 200000, 1);

-- --------------------------------------------------------

--
-- Struktur dari tabel `nilai`
--

CREATE TABLE IF NOT EXISTS `nilai` (
  `id` bigint(20) NOT NULL AUTO_INCREMENT,
  `cabang` varchar(255) NOT NULL,
  `kode_kelas` varchar(255) NOT NULL,
  `nis` varchar(255) NOT NULL,
  `gram` float NOT NULL,
  `read` float NOT NULL,
  `comp` float NOT NULL,
  `list` float NOT NULL,
  `spk` float NOT NULL,
  `avp` float NOT NULL,
  `conv` float NOT NULL,
  `sunmeet` float NOT NULL,
  `enrich` float NOT NULL,
  `hw` float NOT NULL,
  `mid` float NOT NULL,
  `absen` float NOT NULL,
  `spHw_1` float NOT NULL,
  `spHw_2` float NOT NULL,
  `spHw_3` float NOT NULL,
  `spHw_4` float NOT NULL,
  `spHw_5` float NOT NULL,
  `spHw_6` float NOT NULL,
  `spMid` float NOT NULL,
  `spSpk_1` float NOT NULL,
  `spSpk_2` float NOT NULL,
  `spSpk_3` float NOT NULL,
  `spSpk_4` float NOT NULL,
  `spSpk_5` float NOT NULL,
  `spSpk_6` float NOT NULL,
  `spSpk_7` float NOT NULL,
  `spSpk_8` float NOT NULL,
  `spSpk_9` float NOT NULL,
  `spSpk_10` float NOT NULL,
  `spSpk_11` float NOT NULL,
  `spSpk_12` float NOT NULL,
  `spSpk_13` int(1) NOT NULL,
  `spSpk_14` int(1) NOT NULL,
  `spSpk_15` int(1) NOT NULL,
  `spEnrich_1` float NOT NULL,
  `spEnrich_2` float NOT NULL,
  `spEnrich_3` float NOT NULL,
  `spEnrich_4` float NOT NULL,
  `spSunmeet_1` float NOT NULL,
  `spSunmeet_2` int(1) NOT NULL,
  `spSunmeet_3` int(1) NOT NULL,
  `spAvp_1` float NOT NULL,
  `spAvp_2` int(1) NOT NULL,
  `spAvp_3` int(1) NOT NULL,
  `spAvp_4` int(1) NOT NULL,
  `spAvp_5` int(1) NOT NULL,
  `spAvp_6` int(1) NOT NULL,
  `spAvp_7` int(1) NOT NULL,
  `spAvp_8` int(1) NOT NULL,
  `spEssay` float NOT NULL,
  `lanjut` int(1) NOT NULL,
  `modul` int(11) NOT NULL,
  `tanggal_buat` date NOT NULL,
  PRIMARY KEY (`id`),
  UNIQUE KEY `kode_kelas` (`kode_kelas`,`nis`)
) ENGINE=InnoDB DEFAULT CHARSET=latin1 AUTO_INCREMENT=1 ;

-- --------------------------------------------------------

--
-- Struktur dari tabel `param`
--

CREATE TABLE IF NOT EXISTS `param` (
  `id` int(11) NOT NULL AUTO_INCREMENT,
  `param_name` varchar(255) NOT NULL,
  `param_value` varchar(255) NOT NULL,
  PRIMARY KEY (`id`)
) ENGINE=InnoDB DEFAULT CHARSET=latin1 AUTO_INCREMENT=1 ;

-- --------------------------------------------------------

--
-- Struktur dari tabel `pengeluaran`
--

CREATE TABLE IF NOT EXISTS `pengeluaran` (
  `id` bigint(20) NOT NULL AUTO_INCREMENT,
  `cabang` varchar(255) NOT NULL,
  `tanggal_transaksi` date NOT NULL,
  `nama_akun` varchar(255) NOT NULL,
  `jumlah` float NOT NULL,
  `keterangan` varchar(255) NOT NULL,
  `created_date` date NOT NULL,
  `edited_date` date NOT NULL,
  PRIMARY KEY (`id`)
) ENGINE=InnoDB DEFAULT CHARSET=latin1 AUTO_INCREMENT=1 ;

-- --------------------------------------------------------

--
-- Struktur dari tabel `presensi`
--

CREATE TABLE IF NOT EXISTS `presensi` (
  `id` bigint(20) NOT NULL AUTO_INCREMENT,
  `id_pertemuan` bigint(20) NOT NULL,
  `nis` varchar(255) NOT NULL,
  `masuk` int(1) NOT NULL,
  `keterangan` varchar(255) NOT NULL,
  PRIMARY KEY (`id`),
  UNIQUE KEY `id_pertemuan` (`id_pertemuan`,`nis`)
) ENGINE=InnoDB DEFAULT CHARSET=latin1 AUTO_INCREMENT=1 ;

-- --------------------------------------------------------

--
-- Struktur dari tabel `program`
--

CREATE TABLE IF NOT EXISTS `program` (
  `id` int(11) NOT NULL AUTO_INCREMENT,
  `nama_program` varchar(255) NOT NULL,
  PRIMARY KEY (`id`)
) ENGINE=InnoDB  DEFAULT CHARSET=latin1 AUTO_INCREMENT=11 ;

--
-- Dumping data untuk tabel `program`
--

INSERT INTO `program` (`id`, `nama_program`) VALUES
(1, 'Reguler Anak'),
(2, 'Reguler Dewasa'),
(3, 'Program Percakapan Cepat'),
(4, 'Program Percakapan Intensif'),
(5, 'Program Persiapan TOEFL/TOEIC'),
(6, 'Program Test Prediksi TOEFL/TOEIC'),
(7, 'Privat Bahasa Inggris'),
(8, 'Program Bahasa Inggris Perusahaan'),
(9, 'Program Bahasa Inggris Sekolah'),
(10, 'Reguler Remaja');

-- --------------------------------------------------------

--
-- Struktur dari tabel `ruang`
--

CREATE TABLE IF NOT EXISTS `ruang` (
  `id_ruang` int(11) NOT NULL AUTO_INCREMENT,
  `cabang` varchar(255) NOT NULL,
  `nama_ruang` varchar(255) NOT NULL,
  PRIMARY KEY (`id_ruang`)
) ENGINE=InnoDB DEFAULT CHARSET=latin1 AUTO_INCREMENT=1 ;

-- --------------------------------------------------------

--
-- Struktur dari tabel `siswa`
--

CREATE TABLE IF NOT EXISTS `siswa` (
  `nis` varchar(255) NOT NULL,
  `kode_bukutamu` varchar(255) NOT NULL,
  `cabang` varchar(255) NOT NULL,
  `nama` varchar(255) NOT NULL,
  `tempat_lahir` varchar(255) NOT NULL,
  `tanggal_lahir` date NOT NULL,
  `agama` varchar(255) NOT NULL,
  `pekerjaan` varchar(255) NOT NULL,
  `alamat` varchar(255) NOT NULL,
  `rt` varchar(3) NOT NULL,
  `rw` varchar(3) NOT NULL,
  `kecamatan` varchar(255) NOT NULL,
  `kota` varchar(255) NOT NULL,
  `telepon` varchar(255) NOT NULL,
  `sekolah_asal` varchar(255) NOT NULL,
  `email` varchar(255) NOT NULL,
  `pilihan_hari` varchar(255) NOT NULL,
  `pilihan_jam` varchar(255) NOT NULL,
  `foto` varchar(255) NOT NULL,
  `tanggal_buat` date NOT NULL,
  PRIMARY KEY (`nis`),
  UNIQUE KEY `kode_bukutamu` (`kode_bukutamu`)
) ENGINE=InnoDB DEFAULT CHARSET=latin1;

-- --------------------------------------------------------

--
-- Struktur dari tabel `sumber_informasi`
--

CREATE TABLE IF NOT EXISTS `sumber_informasi` (
  `id` int(11) NOT NULL AUTO_INCREMENT,
  `sumber_informasi` varchar(255) NOT NULL,
  PRIMARY KEY (`id`)
) ENGINE=InnoDB  DEFAULT CHARSET=latin1 AUTO_INCREMENT=9 ;

--
-- Dumping data untuk tabel `sumber_informasi`
--

INSERT INTO `sumber_informasi` (`id`, `sumber_informasi`) VALUES
(1, 'Presentasi'),
(2, 'Koran'),
(3, 'Brosur'),
(4, 'Spanduk'),
(5, 'Televisi'),
(6, 'Radio'),
(7, 'Teman'),
(8, 'Internet');

-- --------------------------------------------------------

--
-- Struktur dari tabel `tagihan`
--

CREATE TABLE IF NOT EXISTS `tagihan` (
  `id` bigint(20) NOT NULL AUTO_INCREMENT,
  `nis` varchar(255) NOT NULL,
  `jenis_tagihan` varchar(255) NOT NULL,
  `notes` text NOT NULL,
  `besar_tagihan` float NOT NULL,
  `potongan` float NOT NULL,
  `cabang` varchar(255) NOT NULL,
  `tanggal_buat` date NOT NULL,
  PRIMARY KEY (`id`)
) ENGINE=InnoDB DEFAULT CHARSET=latin1 AUTO_INCREMENT=1 ;

-- --------------------------------------------------------

--
-- Struktur dari tabel `t_petugas`
--

CREATE TABLE IF NOT EXISTS `t_petugas` (
  `ID_Petugas` varchar(50) NOT NULL,
  `Nama_Petugas` varchar(20) DEFAULT NULL,
  `cabang` varchar(20) DEFAULT NULL,
  `pwd` varchar(255) NOT NULL,
  `level` varchar(20) NOT NULL,
  PRIMARY KEY (`ID_Petugas`)
) ENGINE=InnoDB DEFAULT CHARSET=latin1;

--
-- Dumping data untuk tabel `t_petugas`
--

INSERT INTO `t_petugas` (`ID_Petugas`, `Nama_Petugas`, `cabang`, `pwd`, `level`) VALUES
('111', 'Pramusinta Anggara', 'B02', 'WBZIK9Zp2ECgxoqK9P2/goQodNycNrfIvBGoluPTPToWMz7PNNuhwMV3hs5dM/rJsH25Ev5HtqXcxt/sLZnG/A==', 'admin'),
('222', 'Sabekti Anggara', 'B02', 'DBgABKYiRzsdljdQQI8SitNe9oL6VW0aLl2pIme+aBMZocQxA9N5wBZXfSBIrBP7v4j6n82JIexxI2fOEpMmGA==', 'admin'),
('333', 'Eko Marwanto', 'B01', '9EfLVLabYer+1rh8ZzDN7BuVnfq2h3EvCZUO3NvGH62YkXR+wP8mJNhDOh4QfEdNvFf3WhgZe+SRDkA5oeS/3A==', 'keuangan'),
('arif.nugroho', 'Arif Nugroho', 'B02', 'ZpjZRPbycuGXVkJzoJFKYhzdpa0xHeEhFpocbPGkrS4IHrZSjNCqSCkBf4MYOmalZkDT60L9G5iI+CaPStmElA==', 'admin'),
('b01.adminfo', 'Felissia Rosa', 'B01', 'fYHaJFQtRnOco24LyCSjNQ2B7cbpYbs50zxKMh/RQ2QKQ40socGSmW4OazLNSHesEsZ6RgTAYPmDbuBLgEYdLg==', 'cabang'),
('b01.akademik', 'Lisa', 'B01', 'PWzFNR9VFA8mdMezxnKrFBHKQqdVx1NoiUmQvJ76wRRekPrsJ64wXryFInaJ9GFjI6x1xc+Z3fg6YyNu3iSPYA==', 'cabang'),
('b01.manajer', 'Syahroni', 'B01', 'dl9LC8Yg+pnbEkUSWH6nhjOSPOcxsUDGslceS1lAlHc6SzRPiLD310H7A6bY7jFHWmdFu/XZKVU+RwIKtYk2+w==', 'cabang'),
('b02.adminfo', 'Purwati', 'B02', 'yTDQKihr01BrAtgJ8bkEZsPjwJ3al0JNBkvZjMiht6vaDnPKKJZgtc8Kaj1lEgA7OLCpW0mcjv8aeahQJ9Fkog==', 'cabang'),
('b02.akademik', 'Linda', 'B02', '0Rscqk+LsMkOcVxMOb7ZIzSp5z9o+2VcwWD6mtkAJDPUTX3v240ym3Uz5R9ZF0HLop6uFm8n9UyA7hVhupb0+Q==', 'cabang'),
('b02.manajer', 'Parman', 'B02', 'LkMdAVENnXNdF2fCoe9eluWof18PR0/WTB5huk205zkpkhOVFS+ziUKHbvtMkUIR/MwsLEtqmdVrd95oboyDbA==', 'cabang'),
('b04.adminfo', 'Endang Gayatri', 'B04', '643vChIWwa5Rh/p07DHXL/NRkMnVVjuI6QXhZi5ws+zWLwJIxrPMIKyc6NYmgTV89IcAD+tbUX8Uw87vr2Yq7Q==', 'cabang'),
('b04.akademik', 'Noni Amalia', 'B04', 'rBs0vN03s8lu7OPxZFSQktLP/JKWb77ZYHbhvhcsIvtGNNAqFtFgYMzb62USz4+bDPGV5f9ywoT/jgs4xuIisg==', 'cabang'),
('b04.manajer', 'Sair Sugandi', 'B04', 'qCq2V4Y4f/AFVx+Jx1D3UD7azGUNPZQS+hZVKFaBU11TaXwkBR2KrqF74nu/RJNZxmDbz91QX6etkjbKeJl3Zg==', 'cabang'),
('b17.adminfo', 'Dhika Pradipta', 'B17', '9orhVBj51ewM2DE5gX2fbF3O8oVqA0PgWaqIIYAGAK/DMo/SRpCzA2S2CO+GLK5WsRZjth7wTiQC0FcIedktQA==', 'cabang'),
('b17.akademik', 'Exaudy Virgo S', 'B17', 'Snl/qBbuF2IeaNWlbiuvmv01kSBIjFxVOm1w5catbK+MCy0i2QKoiYsOy+TREyYdzIeHl9Hz+6erMByLaxfBUg==', 'cabang'),
('b17.manajer', 'Miftahudin', 'B17', 'OU15rKwbHiYy+5WzY4W3IoEPexrx/3cXV5uWBG+uHZmS5NpMhIK7G3o4m52FAnj+Ux8fvTTKMs7bvzv9m7Xezg==', 'cabang'),
('Cililitan', 'Cililitan', 'B01', 's5VvhkWHpWwZGwNa29zpNzp8ATTbnfuahpHIwpW3fTk8ik786/fGTRSnjltly90W/Z8CoKNh7NB/vi7hjSXhww==', 'cabang'),
('ciracas', 'Ciracas', 'B20', 'JVnlLj1mq4JtZZiv6yA793IPra+fnX/gfrHZtP9S2QKS0yrcFXVUaAOMT0eV+qFuvOYFsnkjtWO5XAV0RDyUzw==', 'cabang'),
('Rawamangun', 'Rawamangun', 'B02', 'aCC8pwRnm0/IOrcsnJLCYisE01IjrtKjMNagMpYUd82AS4INrzmJsyPnLXXPD92S7Ur8bs+izQgqEkSz+FjEcA==', 'cabang');

-- --------------------------------------------------------

--
-- Struktur dari tabel `users`
--

CREATE TABLE IF NOT EXISTS `users` (
  `username` varchar(50) COLLATE latin1_general_ci NOT NULL,
  `password` varchar(50) COLLATE latin1_general_ci NOT NULL,
  `nama_lengkap` varchar(100) COLLATE latin1_general_ci NOT NULL,
  `email` varchar(100) COLLATE latin1_general_ci NOT NULL,
  `no_telp` varchar(20) COLLATE latin1_general_ci NOT NULL,
  `level` varchar(20) COLLATE latin1_general_ci NOT NULL DEFAULT 'user',
  `blokir` enum('Y','N') COLLATE latin1_general_ci NOT NULL DEFAULT 'N',
  `id_session` varchar(100) COLLATE latin1_general_ci NOT NULL,
  PRIMARY KEY (`username`)
) ENGINE=MyISAM DEFAULT CHARSET=latin1 COLLATE=latin1_general_ci;

--
-- Dumping data untuk tabel `users`
--

INSERT INTO `users` (`username`, `password`, `nama_lengkap`, `email`, `no_telp`, `level`, `blokir`, `id_session`) VALUES
('admin', '5f4dcc3b5aa765d61d8327deb882cf99', 'Administrator', 'surat@gmail.com', '-', 'admin', 'N', '');

--
-- Ketidakleluasaan untuk tabel pelimpahan (Dumped Tables)
--

--
-- Ketidakleluasaan untuk tabel `bukutamu_followup`
--
ALTER TABLE `bukutamu_followup`
  ADD CONSTRAINT `bukutamu_followup_ibfk_1` FOREIGN KEY (`kode_bukutamu`) REFERENCES `bukutamu` (`kode_bukutamu`) ON DELETE CASCADE ON UPDATE CASCADE;

/*!40101 SET CHARACTER_SET_CLIENT=@OLD_CHARACTER_SET_CLIENT */;
/*!40101 SET CHARACTER_SET_RESULTS=@OLD_CHARACTER_SET_RESULTS */;
/*!40101 SET COLLATION_CONNECTION=@OLD_COLLATION_CONNECTION */;
